<?xml version="1.0" encoding="UTF-8"?>
<beans xmlns="http://www.springframework.org/schema/beans"
	xmlns:xsi="http://www.w3.org/2001/XMLSchema-instance" xmlns:context="http://www.springframework.org/schema/context"
	xmlns:security="http://www.springframework.org/schema/security"
	xsi:schemaLocation="http://www.springframework.org/schema/beans
http://www.springframework.org/schema/beans/spring-beans-3.0.xsd
http://www.springframework.org/schema/context
http://www.springframework.org/schema/context/spring-context-3.0.xsd
http://www.springframework.org/schema/security
http://www.springframework.org/schema/security/spring-security-4.1.xsd">

	<security:http auto-config="true">


<!--  intercept url starting-->
		<security:intercept-url pattern="/manage**"
			access="hasRole('ROLE_ADMIN')" />
			

    	<security:intercept-url pattern="/myCar**"
			access="hasRole('ROLE_USER')" />

		<security:intercept-url pattern="/checkou**"
			access="hasRole('ROLE_USER')" />
<!--  intercept url Ending-->	
			
	
		<security:access-denied-handler
			error-page="/accessDenied" />
		<security:csrf />

		
			
		<security:form-login 
		login-page="/Login" 
		login-processing-url="/j_spring_security_check"
		default-target-url="/checkRole"  
		authentication-failure-url="/loginError" 
		username-parameter="id"
		password-parameter="password"/>  

		<security:logout logout-url="/j_spring_security_Logout"
			logout-success-url="/secure_logout" delete-cookies="JSESSIONID" />



	</security:http>
	<security:authentication-manager>
		<security:authentication-provider>
			<security:jdbc-user-service
				data-source-ref="dataSource"
				users-by-username-query="select id, password, 'true' as enabled from user where id=?"
				authorities-by-username-query="select id, role from user where id=?" />
		</security:authentication-provider>
	</security:authentication-manager>
</beans>